slug,sku,nome,descricao,ativo,buscavel,produto_digital,marca,categorias,colecoes,filtros,selos,categoria_google,variacoes,preco_venda,preco_custo,preco_promocional,codigo_de_barras,codigo_erp_sku,estoques,estoque_gerenciado,disponivel_para_venda,dias_de_disponibilidade,dias_de_disponibilidade_se_zerar_o_estoque,peso_em_kg,altura_em_cm,largura_em_cm,comprimento_em_cm,codigo_erp_produto,ncm,meses_de_garantia,frete_customizado,valor_do_frete,especificacoes,medidas,video,imagens_diferentes_por_sku,link_fotos_sku,seo_titulo_pagina,seo_descricao,seo_palavras_chave,link_canonico,termos_de_busca
camisa-lula-13,13-CAM-BRANCA-P,Camisa Lula 13,"<p>Uma estampa com presença, feita para ser notada.</p><p>A Camisa Lula 13 traz o <strong>rosto do Lula</strong> em arte de alto contraste, com o nome em destaque e a frase <strong>“Brilha uma estrela”</strong>. São sete cores para combinar do jeito que você gosta.</p><p><strong>Destaques</strong></p><ul><li><strong>Malha 100% algodão fio 30.1</strong>: toque macio, leve e respirável, confortável o dia inteiro</li><li><strong>Gola careca em ribana com reforço</strong>, que mantém o formato</li><li><strong>Costuras reforçadas</strong>, para durar mais</li><li><strong>Modelagem unissex</strong>, com caimento moderno</li><li><strong>Estampa frontal grande</strong>, com o rosto e o nome em destaque. Na preta, a arte vem em vermelho</li></ul><p><strong>Quando usar:</strong> Para o dia a dia, encontros com os amigos, eventos e para quem gosta de mostrar o que pensa com estilo.</p><p><strong>Cores disponíveis:</strong> branca, marrom, rosa, cinza, marrom escuro, preta e vermelha.</p><p><strong>Ficha técnica</strong><br>Tecido: 100% algodão, fio 30.1<br>Modelagem: Unissex<br>Gola: Redonda (careca), em ribana com reforço<br>Mangas: Curtas<br>Tamanhos: P, M, G, GG<br>Medidas (referência): P 50 × 70 cm · M 53 × 72 cm · G 56 × 74 cm · GG 59 × 76 cm (largura de axila a axila × comprimento do ombro à barra). Podem variar até 2 cm.<br>Cuidados: Lavar com água fria ou morna, sem alvejante com cloro. Secar à sombra. Passar em temperatura média. Evitar secadora em alta temperatura.<br>Observação: A cor pode variar um pouco conforme a tela.</p>",sim,sim,nao,Asa Delta Store,Camisas>Lula 13,,,,,"Cor:Branca;Tamanho:P",49.90,,,,,,nao,sim,,,,,,,,,,nao,,,,,sim,,Camisa Lula 13 | Asa Delta Store,"Camisa Lula 13. Cores: branca, marrom, rosa, cinza, marrom escuro, preta e vermelha. Tamanhos: P, M, G, GG.",,,"camisa lula,camiseta lula,camisa do lula,camiseta do lula,camisa lula 13,camiseta lula 13,camisa 13,camiseta 13,camisa pt,camiseta pt,camisa brilha uma estrela,faz o l,camisa vermelha lula,camisa preta lula,camisa branca lula,camisa rosa lula,camisa cinza lula"
camisa-lula-13,13-CAM-BRANCA-M,Camisa Lula 13,"<p>Uma estampa com presença, feita para ser notada.</p><p>A Camisa Lula 13 traz o <strong>rosto do Lula</strong> em arte de alto contraste, com o nome em destaque e a frase <strong>“Brilha uma estrela”</strong>. São sete cores para combinar do jeito que você gosta.</p><p><strong>Destaques</strong></p><ul><li><strong>Malha 100% algodão fio 30.1</strong>: toque macio, leve e respirável, confortável o dia inteiro</li><li><strong>Gola careca em ribana com reforço</strong>, que mantém o formato</li><li><strong>Costuras reforçadas</strong>, para durar mais</li><li><strong>Modelagem unissex</strong>, com caimento moderno</li><li><strong>Estampa frontal grande</strong>, com o rosto e o nome em destaque. Na preta, a arte vem em vermelho</li></ul><p><strong>Quando usar:</strong> Para o dia a dia, encontros com os amigos, eventos e para quem gosta de mostrar o que pensa com estilo.</p><p><strong>Cores disponíveis:</strong> branca, marrom, rosa, cinza, marrom escuro, preta e vermelha.</p><p><strong>Ficha técnica</strong><br>Tecido: 100% algodão, fio 30.1<br>Modelagem: Unissex<br>Gola: Redonda (careca), em ribana com reforço<br>Mangas: Curtas<br>Tamanhos: P, M, G, GG<br>Medidas (referência): P 50 × 70 cm · M 53 × 72 cm · G 56 × 74 cm · GG 59 × 76 cm (largura de axila a axila × comprimento do ombro à barra). Podem variar até 2 cm.<br>Cuidados: Lavar com água fria ou morna, sem alvejante com cloro. Secar à sombra. Passar em temperatura média. Evitar secadora em alta temperatura.<br>Observação: A cor pode variar um pouco conforme a tela.</p>",sim,sim,nao,Asa Delta Store,Camisas>Lula 13,,,,,"Cor:Branca;Tamanho:M",49.90,,,,,,nao,sim,,,,,,,,,,nao,,,,,sim,,Camisa Lula 13 | Asa Delta Store,"Camisa Lula 13. Cores: branca, marrom, rosa, cinza, marrom escuro, preta e vermelha. Tamanhos: P, M, G, GG.",,,"camisa lula,camiseta lula,camisa do lula,camiseta do lula,camisa lula 13,camiseta lula 13,camisa 13,camiseta 13,camisa pt,camiseta pt,camisa brilha uma estrela,faz o l,camisa vermelha lula,camisa preta lula,camisa branca lula,camisa rosa lula,camisa cinza lula"
camisa-lula-13,13-CAM-BRANCA-G,Camisa Lula 13,"<p>Uma estampa com presença, feita para ser notada.</p><p>A Camisa Lula 13 traz o <strong>rosto do Lula</strong> em arte de alto contraste, com o nome em destaque e a frase <strong>“Brilha uma estrela”</strong>. São sete cores para combinar do jeito que você gosta.</p><p><strong>Destaques</strong></p><ul><li><strong>Malha 100% algodão fio 30.1</strong>: toque macio, leve e respirável, confortável o dia inteiro</li><li><strong>Gola careca em ribana com reforço</strong>, que mantém o formato</li><li><strong>Costuras reforçadas</strong>, para durar mais</li><li><strong>Modelagem unissex</strong>, com caimento moderno</li><li><strong>Estampa frontal grande</strong>, com o rosto e o nome em destaque. Na preta, a arte vem em vermelho</li></ul><p><strong>Quando usar:</strong> Para o dia a dia, encontros com os amigos, eventos e para quem gosta de mostrar o que pensa com estilo.</p><p><strong>Cores disponíveis:</strong> branca, marrom, rosa, cinza, marrom escuro, preta e vermelha.</p><p><strong>Ficha técnica</strong><br>Tecido: 100% algodão, fio 30.1<br>Modelagem: Unissex<br>Gola: Redonda (careca), em ribana com reforço<br>Mangas: Curtas<br>Tamanhos: P, M, G, GG<br>Medidas (referência): P 50 × 70 cm · M 53 × 72 cm · G 56 × 74 cm · GG 59 × 76 cm (largura de axila a axila × comprimento do ombro à barra). Podem variar até 2 cm.<br>Cuidados: Lavar com água fria ou morna, sem alvejante com cloro. Secar à sombra. Passar em temperatura média. Evitar secadora em alta temperatura.<br>Observação: A cor pode variar um pouco conforme a tela.</p>",sim,sim,nao,Asa Delta Store,Camisas>Lula 13,,,,,"Cor:Branca;Tamanho:G",49.90,,,,,,nao,sim,,,,,,,,,,nao,,,,,sim,,Camisa Lula 13 | Asa Delta Store,"Camisa Lula 13. Cores: branca, marrom, rosa, cinza, marrom escuro, preta e vermelha. Tamanhos: P, M, G, GG.",,,"camisa lula,camiseta lula,camisa do lula,camiseta do lula,camisa lula 13,camiseta lula 13,camisa 13,camiseta 13,camisa pt,camiseta pt,camisa brilha uma estrela,faz o l,camisa vermelha lula,camisa preta lula,camisa branca lula,camisa rosa lula,camisa cinza lula"
camisa-lula-13,13-CAM-BRANCA-GG,Camisa Lula 13,"<p>Uma estampa com presença, feita para ser notada.</p><p>A Camisa Lula 13 traz o <strong>rosto do Lula</strong> em arte de alto contraste, com o nome em destaque e a frase <strong>“Brilha uma estrela”</strong>. São sete cores para combinar do jeito que você gosta.</p><p><strong>Destaques</strong></p><ul><li><strong>Malha 100% algodão fio 30.1</strong>: toque macio, leve e respirável, confortável o dia inteiro</li><li><strong>Gola careca em ribana com reforço</strong>, que mantém o formato</li><li><strong>Costuras reforçadas</strong>, para durar mais</li><li><strong>Modelagem unissex</strong>, com caimento moderno</li><li><strong>Estampa frontal grande</strong>, com o rosto e o nome em destaque. Na preta, a arte vem em vermelho</li></ul><p><strong>Quando usar:</strong> Para o dia a dia, encontros com os amigos, eventos e para quem gosta de mostrar o que pensa com estilo.</p><p><strong>Cores disponíveis:</strong> branca, marrom, rosa, cinza, marrom escuro, preta e vermelha.</p><p><strong>Ficha técnica</strong><br>Tecido: 100% algodão, fio 30.1<br>Modelagem: Unissex<br>Gola: Redonda (careca), em ribana com reforço<br>Mangas: Curtas<br>Tamanhos: P, M, G, GG<br>Medidas (referência): P 50 × 70 cm · M 53 × 72 cm · G 56 × 74 cm · GG 59 × 76 cm (largura de axila a axila × comprimento do ombro à barra). Podem variar até 2 cm.<br>Cuidados: Lavar com água fria ou morna, sem alvejante com cloro. Secar à sombra. Passar em temperatura média. Evitar secadora em alta temperatura.<br>Observação: A cor pode variar um pouco conforme a tela.</p>",sim,sim,nao,Asa Delta Store,Camisas>Lula 13,,,,,"Cor:Branca;Tamanho:GG",49.90,,,,,,nao,sim,,,,,,,,,,nao,,,,,sim,,Camisa Lula 13 | Asa Delta Store,"Camisa Lula 13. Cores: branca, marrom, rosa, cinza, marrom escuro, preta e vermelha. Tamanhos: P, M, G, GG.",,,"camisa lula,camiseta lula,camisa do lula,camiseta do lula,camisa lula 13,camiseta lula 13,camisa 13,camiseta 13,camisa pt,camiseta pt,camisa brilha uma estrela,faz o l,camisa vermelha lula,camisa preta lula,camisa branca lula,camisa rosa lula,camisa cinza lula"
camisa-lula-13,13-CAM-MARROM-P,Camisa Lula 13,"<p>Uma estampa com presença, feita para ser notada.</p><p>A Camisa Lula 13 traz o <strong>rosto do Lula</strong> em arte de alto contraste, com o nome em destaque e a frase <strong>“Brilha uma estrela”</strong>. São sete cores para combinar do jeito que você gosta.</p><p><strong>Destaques</strong></p><ul><li><strong>Malha 100% algodão fio 30.1</strong>: toque macio, leve e respirável, confortável o dia inteiro</li><li><strong>Gola careca em ribana com reforço</strong>, que mantém o formato</li><li><strong>Costuras reforçadas</strong>, para durar mais</li><li><strong>Modelagem unissex</strong>, com caimento moderno</li><li><strong>Estampa frontal grande</strong>, com o rosto e o nome em destaque. Na preta, a arte vem em vermelho</li></ul><p><strong>Quando usar:</strong> Para o dia a dia, encontros com os amigos, eventos e para quem gosta de mostrar o que pensa com estilo.</p><p><strong>Cores disponíveis:</strong> branca, marrom, rosa, cinza, marrom escuro, preta e vermelha.</p><p><strong>Ficha técnica</strong><br>Tecido: 100% algodão, fio 30.1<br>Modelagem: Unissex<br>Gola: Redonda (careca), em ribana com reforço<br>Mangas: Curtas<br>Tamanhos: P, M, G, GG<br>Medidas (referência): P 50 × 70 cm · M 53 × 72 cm · G 56 × 74 cm · GG 59 × 76 cm (largura de axila a axila × comprimento do ombro à barra). Podem variar até 2 cm.<br>Cuidados: Lavar com água fria ou morna, sem alvejante com cloro. Secar à sombra. Passar em temperatura média. Evitar secadora em alta temperatura.<br>Observação: A cor pode variar um pouco conforme a tela.</p>",sim,sim,nao,Asa Delta Store,Camisas>Lula 13,,,,,"Cor:Marrom;Tamanho:P",49.90,,,,,,nao,sim,,,,,,,,,,nao,,,,,sim,,Camisa Lula 13 | Asa Delta Store,"Camisa Lula 13. Cores: branca, marrom, rosa, cinza, marrom escuro, preta e vermelha. Tamanhos: P, M, G, GG.",,,"camisa lula,camiseta lula,camisa do lula,camiseta do lula,camisa lula 13,camiseta lula 13,camisa 13,camiseta 13,camisa pt,camiseta pt,camisa brilha uma estrela,faz o l,camisa vermelha lula,camisa preta lula,camisa branca lula,camisa rosa lula,camisa cinza lula"
camisa-lula-13,13-CAM-MARROM-M,Camisa Lula 13,"<p>Uma estampa com presença, feita para ser notada.</p><p>A Camisa Lula 13 traz o <strong>rosto do Lula</strong> em arte de alto contraste, com o nome em destaque e a frase <strong>“Brilha uma estrela”</strong>. São sete cores para combinar do jeito que você gosta.</p><p><strong>Destaques</strong></p><ul><li><strong>Malha 100% algodão fio 30.1</strong>: toque macio, leve e respirável, confortável o dia inteiro</li><li><strong>Gola careca em ribana com reforço</strong>, que mantém o formato</li><li><strong>Costuras reforçadas</strong>, para durar mais</li><li><strong>Modelagem unissex</strong>, com caimento moderno</li><li><strong>Estampa frontal grande</strong>, com o rosto e o nome em destaque. Na preta, a arte vem em vermelho</li></ul><p><strong>Quando usar:</strong> Para o dia a dia, encontros com os amigos, eventos e para quem gosta de mostrar o que pensa com estilo.</p><p><strong>Cores disponíveis:</strong> branca, marrom, rosa, cinza, marrom escuro, preta e vermelha.</p><p><strong>Ficha técnica</strong><br>Tecido: 100% algodão, fio 30.1<br>Modelagem: Unissex<br>Gola: Redonda (careca), em ribana com reforço<br>Mangas: Curtas<br>Tamanhos: P, M, G, GG<br>Medidas (referência): P 50 × 70 cm · M 53 × 72 cm · G 56 × 74 cm · GG 59 × 76 cm (largura de axila a axila × comprimento do ombro à barra). Podem variar até 2 cm.<br>Cuidados: Lavar com água fria ou morna, sem alvejante com cloro. Secar à sombra. Passar em temperatura média. Evitar secadora em alta temperatura.<br>Observação: A cor pode variar um pouco conforme a tela.</p>",sim,sim,nao,Asa Delta Store,Camisas>Lula 13,,,,,"Cor:Marrom;Tamanho:M",49.90,,,,,,nao,sim,,,,,,,,,,nao,,,,,sim,,Camisa Lula 13 | Asa Delta Store,"Camisa Lula 13. Cores: branca, marrom, rosa, cinza, marrom escuro, preta e vermelha. Tamanhos: P, M, G, GG.",,,"camisa lula,camiseta lula,camisa do lula,camiseta do lula,camisa lula 13,camiseta lula 13,camisa 13,camiseta 13,camisa pt,camiseta pt,camisa brilha uma estrela,faz o l,camisa vermelha lula,camisa preta lula,camisa branca lula,camisa rosa lula,camisa cinza lula"
camisa-lula-13,13-CAM-MARROM-G,Camisa Lula 13,"<p>Uma estampa com presença, feita para ser notada.</p><p>A Camisa Lula 13 traz o <strong>rosto do Lula</strong> em arte de alto contraste, com o nome em destaque e a frase <strong>“Brilha uma estrela”</strong>. São sete cores para combinar do jeito que você gosta.</p><p><strong>Destaques</strong></p><ul><li><strong>Malha 100% algodão fio 30.1</strong>: toque macio, leve e respirável, confortável o dia inteiro</li><li><strong>Gola careca em ribana com reforço</strong>, que mantém o formato</li><li><strong>Costuras reforçadas</strong>, para durar mais</li><li><strong>Modelagem unissex</strong>, com caimento moderno</li><li><strong>Estampa frontal grande</strong>, com o rosto e o nome em destaque. Na preta, a arte vem em vermelho</li></ul><p><strong>Quando usar:</strong> Para o dia a dia, encontros com os amigos, eventos e para quem gosta de mostrar o que pensa com estilo.</p><p><strong>Cores disponíveis:</strong> branca, marrom, rosa, cinza, marrom escuro, preta e vermelha.</p><p><strong>Ficha técnica</strong><br>Tecido: 100% algodão, fio 30.1<br>Modelagem: Unissex<br>Gola: Redonda (careca), em ribana com reforço<br>Mangas: Curtas<br>Tamanhos: P, M, G, GG<br>Medidas (referência): P 50 × 70 cm · M 53 × 72 cm · G 56 × 74 cm · GG 59 × 76 cm (largura de axila a axila × comprimento do ombro à barra). Podem variar até 2 cm.<br>Cuidados: Lavar com água fria ou morna, sem alvejante com cloro. Secar à sombra. Passar em temperatura média. Evitar secadora em alta temperatura.<br>Observação: A cor pode variar um pouco conforme a tela.</p>",sim,sim,nao,Asa Delta Store,Camisas>Lula 13,,,,,"Cor:Marrom;Tamanho:G",49.90,,,,,,nao,sim,,,,,,,,,,nao,,,,,sim,,Camisa Lula 13 | Asa Delta Store,"Camisa Lula 13. Cores: branca, marrom, rosa, cinza, marrom escuro, preta e vermelha. Tamanhos: P, M, G, GG.",,,"camisa lula,camiseta lula,camisa do lula,camiseta do lula,camisa lula 13,camiseta lula 13,camisa 13,camiseta 13,camisa pt,camiseta pt,camisa brilha uma estrela,faz o l,camisa vermelha lula,camisa preta lula,camisa branca lula,camisa rosa lula,camisa cinza lula"
camisa-lula-13,13-CAM-MARROM-GG,Camisa Lula 13,"<p>Uma estampa com presença, feita para ser notada.</p><p>A Camisa Lula 13 traz o <strong>rosto do Lula</strong> em arte de alto contraste, com o nome em destaque e a frase <strong>“Brilha uma estrela”</strong>. São sete cores para combinar do jeito que você gosta.</p><p><strong>Destaques</strong></p><ul><li><strong>Malha 100% algodão fio 30.1</strong>: toque macio, leve e respirável, confortável o dia inteiro</li><li><strong>Gola careca em ribana com reforço</strong>, que mantém o formato</li><li><strong>Costuras reforçadas</strong>, para durar mais</li><li><strong>Modelagem unissex</strong>, com caimento moderno</li><li><strong>Estampa frontal grande</strong>, com o rosto e o nome em destaque. Na preta, a arte vem em vermelho</li></ul><p><strong>Quando usar:</strong> Para o dia a dia, encontros com os amigos, eventos e para quem gosta de mostrar o que pensa com estilo.</p><p><strong>Cores disponíveis:</strong> branca, marrom, rosa, cinza, marrom escuro, preta e vermelha.</p><p><strong>Ficha técnica</strong><br>Tecido: 100% algodão, fio 30.1<br>Modelagem: Unissex<br>Gola: Redonda (careca), em ribana com reforço<br>Mangas: Curtas<br>Tamanhos: P, M, G, GG<br>Medidas (referência): P 50 × 70 cm · M 53 × 72 cm · G 56 × 74 cm · GG 59 × 76 cm (largura de axila a axila × comprimento do ombro à barra). Podem variar até 2 cm.<br>Cuidados: Lavar com água fria ou morna, sem alvejante com cloro. Secar à sombra. Passar em temperatura média. Evitar secadora em alta temperatura.<br>Observação: A cor pode variar um pouco conforme a tela.</p>",sim,sim,nao,Asa Delta Store,Camisas>Lula 13,,,,,"Cor:Marrom;Tamanho:GG",49.90,,,,,,nao,sim,,,,,,,,,,nao,,,,,sim,,Camisa Lula 13 | Asa Delta Store,"Camisa Lula 13. Cores: branca, marrom, rosa, cinza, marrom escuro, preta e vermelha. Tamanhos: P, M, G, GG.",,,"camisa lula,camiseta lula,camisa do lula,camiseta do lula,camisa lula 13,camiseta lula 13,camisa 13,camiseta 13,camisa pt,camiseta pt,camisa brilha uma estrela,faz o l,camisa vermelha lula,camisa preta lula,camisa branca lula,camisa rosa lula,camisa cinza lula"
camisa-lula-13,13-CAM-ROSA-P,Camisa Lula 13,"<p>Uma estampa com presença, feita para ser notada.</p><p>A Camisa Lula 13 traz o <strong>rosto do Lula</strong> em arte de alto contraste, com o nome em destaque e a frase <strong>“Brilha uma estrela”</strong>. São sete cores para combinar do jeito que você gosta.</p><p><strong>Destaques</strong></p><ul><li><strong>Malha 100% algodão fio 30.1</strong>: toque macio, leve e respirável, confortável o dia inteiro</li><li><strong>Gola careca em ribana com reforço</strong>, que mantém o formato</li><li><strong>Costuras reforçadas</strong>, para durar mais</li><li><strong>Modelagem unissex</strong>, com caimento moderno</li><li><strong>Estampa frontal grande</strong>, com o rosto e o nome em destaque. Na preta, a arte vem em vermelho</li></ul><p><strong>Quando usar:</strong> Para o dia a dia, encontros com os amigos, eventos e para quem gosta de mostrar o que pensa com estilo.</p><p><strong>Cores disponíveis:</strong> branca, marrom, rosa, cinza, marrom escuro, preta e vermelha.</p><p><strong>Ficha técnica</strong><br>Tecido: 100% algodão, fio 30.1<br>Modelagem: Unissex<br>Gola: Redonda (careca), em ribana com reforço<br>Mangas: Curtas<br>Tamanhos: P, M, G, GG<br>Medidas (referência): P 50 × 70 cm · M 53 × 72 cm · G 56 × 74 cm · GG 59 × 76 cm (largura de axila a axila × comprimento do ombro à barra). Podem variar até 2 cm.<br>Cuidados: Lavar com água fria ou morna, sem alvejante com cloro. Secar à sombra. Passar em temperatura média. Evitar secadora em alta temperatura.<br>Observação: A cor pode variar um pouco conforme a tela.</p>",sim,sim,nao,Asa Delta Store,Camisas>Lula 13,,,,,"Cor:Rosa;Tamanho:P",49.90,,,,,,nao,sim,,,,,,,,,,nao,,,,,sim,,Camisa Lula 13 | Asa Delta Store,"Camisa Lula 13. Cores: branca, marrom, rosa, cinza, marrom escuro, preta e vermelha. Tamanhos: P, M, G, GG.",,,"camisa lula,camiseta lula,camisa do lula,camiseta do lula,camisa lula 13,camiseta lula 13,camisa 13,camiseta 13,camisa pt,camiseta pt,camisa brilha uma estrela,faz o l,camisa vermelha lula,camisa preta lula,camisa branca lula,camisa rosa lula,camisa cinza lula"
camisa-lula-13,13-CAM-ROSA-M,Camisa Lula 13,"<p>Uma estampa com presença, feita para ser notada.</p><p>A Camisa Lula 13 traz o <strong>rosto do Lula</strong> em arte de alto contraste, com o nome em destaque e a frase <strong>“Brilha uma estrela”</strong>. São sete cores para combinar do jeito que você gosta.</p><p><strong>Destaques</strong></p><ul><li><strong>Malha 100% algodão fio 30.1</strong>: toque macio, leve e respirável, confortável o dia inteiro</li><li><strong>Gola careca em ribana com reforço</strong>, que mantém o formato</li><li><strong>Costuras reforçadas</strong>, para durar mais</li><li><strong>Modelagem unissex</strong>, com caimento moderno</li><li><strong>Estampa frontal grande</strong>, com o rosto e o nome em destaque. Na preta, a arte vem em vermelho</li></ul><p><strong>Quando usar:</strong> Para o dia a dia, encontros com os amigos, eventos e para quem gosta de mostrar o que pensa com estilo.</p><p><strong>Cores disponíveis:</strong> branca, marrom, rosa, cinza, marrom escuro, preta e vermelha.</p><p><strong>Ficha técnica</strong><br>Tecido: 100% algodão, fio 30.1<br>Modelagem: Unissex<br>Gola: Redonda (careca), em ribana com reforço<br>Mangas: Curtas<br>Tamanhos: P, M, G, GG<br>Medidas (referência): P 50 × 70 cm · M 53 × 72 cm · G 56 × 74 cm · GG 59 × 76 cm (largura de axila a axila × comprimento do ombro à barra). Podem variar até 2 cm.<br>Cuidados: Lavar com água fria ou morna, sem alvejante com cloro. Secar à sombra. Passar em temperatura média. Evitar secadora em alta temperatura.<br>Observação: A cor pode variar um pouco conforme a tela.</p>",sim,sim,nao,Asa Delta Store,Camisas>Lula 13,,,,,"Cor:Rosa;Tamanho:M",49.90,,,,,,nao,sim,,,,,,,,,,nao,,,,,sim,,Camisa Lula 13 | Asa Delta Store,"Camisa Lula 13. Cores: branca, marrom, rosa, cinza, marrom escuro, preta e vermelha. Tamanhos: P, M, G, GG.",,,"camisa lula,camiseta lula,camisa do lula,camiseta do lula,camisa lula 13,camiseta lula 13,camisa 13,camiseta 13,camisa pt,camiseta pt,camisa brilha uma estrela,faz o l,camisa vermelha lula,camisa preta lula,camisa branca lula,camisa rosa lula,camisa cinza lula"
camisa-lula-13,13-CAM-ROSA-G,Camisa Lula 13,"<p>Uma estampa com presença, feita para ser notada.</p><p>A Camisa Lula 13 traz o <strong>rosto do Lula</strong> em arte de alto contraste, com o nome em destaque e a frase <strong>“Brilha uma estrela”</strong>. São sete cores para combinar do jeito que você gosta.</p><p><strong>Destaques</strong></p><ul><li><strong>Malha 100% algodão fio 30.1</strong>: toque macio, leve e respirável, confortável o dia inteiro</li><li><strong>Gola careca em ribana com reforço</strong>, que mantém o formato</li><li><strong>Costuras reforçadas</strong>, para durar mais</li><li><strong>Modelagem unissex</strong>, com caimento moderno</li><li><strong>Estampa frontal grande</strong>, com o rosto e o nome em destaque. Na preta, a arte vem em vermelho</li></ul><p><strong>Quando usar:</strong> Para o dia a dia, encontros com os amigos, eventos e para quem gosta de mostrar o que pensa com estilo.</p><p><strong>Cores disponíveis:</strong> branca, marrom, rosa, cinza, marrom escuro, preta e vermelha.</p><p><strong>Ficha técnica</strong><br>Tecido: 100% algodão, fio 30.1<br>Modelagem: Unissex<br>Gola: Redonda (careca), em ribana com reforço<br>Mangas: Curtas<br>Tamanhos: P, M, G, GG<br>Medidas (referência): P 50 × 70 cm · M 53 × 72 cm · G 56 × 74 cm · GG 59 × 76 cm (largura de axila a axila × comprimento do ombro à barra). Podem variar até 2 cm.<br>Cuidados: Lavar com água fria ou morna, sem alvejante com cloro. Secar à sombra. Passar em temperatura média. Evitar secadora em alta temperatura.<br>Observação: A cor pode variar um pouco conforme a tela.</p>",sim,sim,nao,Asa Delta Store,Camisas>Lula 13,,,,,"Cor:Rosa;Tamanho:G",49.90,,,,,,nao,sim,,,,,,,,,,nao,,,,,sim,,Camisa Lula 13 | Asa Delta Store,"Camisa Lula 13. Cores: branca, marrom, rosa, cinza, marrom escuro, preta e vermelha. Tamanhos: P, M, G, GG.",,,"camisa lula,camiseta lula,camisa do lula,camiseta do lula,camisa lula 13,camiseta lula 13,camisa 13,camiseta 13,camisa pt,camiseta pt,camisa brilha uma estrela,faz o l,camisa vermelha lula,camisa preta lula,camisa branca lula,camisa rosa lula,camisa cinza lula"
camisa-lula-13,13-CAM-ROSA-GG,Camisa Lula 13,"<p>Uma estampa com presença, feita para ser notada.</p><p>A Camisa Lula 13 traz o <strong>rosto do Lula</strong> em arte de alto contraste, com o nome em destaque e a frase <strong>“Brilha uma estrela”</strong>. São sete cores para combinar do jeito que você gosta.</p><p><strong>Destaques</strong></p><ul><li><strong>Malha 100% algodão fio 30.1</strong>: toque macio, leve e respirável, confortável o dia inteiro</li><li><strong>Gola careca em ribana com reforço</strong>, que mantém o formato</li><li><strong>Costuras reforçadas</strong>, para durar mais</li><li><strong>Modelagem unissex</strong>, com caimento moderno</li><li><strong>Estampa frontal grande</strong>, com o rosto e o nome em destaque. Na preta, a arte vem em vermelho</li></ul><p><strong>Quando usar:</strong> Para o dia a dia, encontros com os amigos, eventos e para quem gosta de mostrar o que pensa com estilo.</p><p><strong>Cores disponíveis:</strong> branca, marrom, rosa, cinza, marrom escuro, preta e vermelha.</p><p><strong>Ficha técnica</strong><br>Tecido: 100% algodão, fio 30.1<br>Modelagem: Unissex<br>Gola: Redonda (careca), em ribana com reforço<br>Mangas: Curtas<br>Tamanhos: P, M, G, GG<br>Medidas (referência): P 50 × 70 cm · M 53 × 72 cm · G 56 × 74 cm · GG 59 × 76 cm (largura de axila a axila × comprimento do ombro à barra). Podem variar até 2 cm.<br>Cuidados: Lavar com água fria ou morna, sem alvejante com cloro. Secar à sombra. Passar em temperatura média. Evitar secadora em alta temperatura.<br>Observação: A cor pode variar um pouco conforme a tela.</p>",sim,sim,nao,Asa Delta Store,Camisas>Lula 13,,,,,"Cor:Rosa;Tamanho:GG",49.90,,,,,,nao,sim,,,,,,,,,,nao,,,,,sim,,Camisa Lula 13 | Asa Delta Store,"Camisa Lula 13. Cores: branca, marrom, rosa, cinza, marrom escuro, preta e vermelha. Tamanhos: P, M, G, GG.",,,"camisa lula,camiseta lula,camisa do lula,camiseta do lula,camisa lula 13,camiseta lula 13,camisa 13,camiseta 13,camisa pt,camiseta pt,camisa brilha uma estrela,faz o l,camisa vermelha lula,camisa preta lula,camisa branca lula,camisa rosa lula,camisa cinza lula"
camisa-lula-13,13-CAM-CINZA-P,Camisa Lula 13,"<p>Uma estampa com presença, feita para ser notada.</p><p>A Camisa Lula 13 traz o <strong>rosto do Lula</strong> em arte de alto contraste, com o nome em destaque e a frase <strong>“Brilha uma estrela”</strong>. São sete cores para combinar do jeito que você gosta.</p><p><strong>Destaques</strong></p><ul><li><strong>Malha 100% algodão fio 30.1</strong>: toque macio, leve e respirável, confortável o dia inteiro</li><li><strong>Gola careca em ribana com reforço</strong>, que mantém o formato</li><li><strong>Costuras reforçadas</strong>, para durar mais</li><li><strong>Modelagem unissex</strong>, com caimento moderno</li><li><strong>Estampa frontal grande</strong>, com o rosto e o nome em destaque. Na preta, a arte vem em vermelho</li></ul><p><strong>Quando usar:</strong> Para o dia a dia, encontros com os amigos, eventos e para quem gosta de mostrar o que pensa com estilo.</p><p><strong>Cores disponíveis:</strong> branca, marrom, rosa, cinza, marrom escuro, preta e vermelha.</p><p><strong>Ficha técnica</strong><br>Tecido: 100% algodão, fio 30.1<br>Modelagem: Unissex<br>Gola: Redonda (careca), em ribana com reforço<br>Mangas: Curtas<br>Tamanhos: P, M, G, GG<br>Medidas (referência): P 50 × 70 cm · M 53 × 72 cm · G 56 × 74 cm · GG 59 × 76 cm (largura de axila a axila × comprimento do ombro à barra). Podem variar até 2 cm.<br>Cuidados: Lavar com água fria ou morna, sem alvejante com cloro. Secar à sombra. Passar em temperatura média. Evitar secadora em alta temperatura.<br>Observação: A cor pode variar um pouco conforme a tela.</p>",sim,sim,nao,Asa Delta Store,Camisas>Lula 13,,,,,"Cor:Cinza;Tamanho:P",49.90,,,,,,nao,sim,,,,,,,,,,nao,,,,,sim,,Camisa Lula 13 | Asa Delta Store,"Camisa Lula 13. Cores: branca, marrom, rosa, cinza, marrom escuro, preta e vermelha. Tamanhos: P, M, G, GG.",,,"camisa lula,camiseta lula,camisa do lula,camiseta do lula,camisa lula 13,camiseta lula 13,camisa 13,camiseta 13,camisa pt,camiseta pt,camisa brilha uma estrela,faz o l,camisa vermelha lula,camisa preta lula,camisa branca lula,camisa rosa lula,camisa cinza lula"
camisa-lula-13,13-CAM-CINZA-M,Camisa Lula 13,"<p>Uma estampa com presença, feita para ser notada.</p><p>A Camisa Lula 13 traz o <strong>rosto do Lula</strong> em arte de alto contraste, com o nome em destaque e a frase <strong>“Brilha uma estrela”</strong>. São sete cores para combinar do jeito que você gosta.</p><p><strong>Destaques</strong></p><ul><li><strong>Malha 100% algodão fio 30.1</strong>: toque macio, leve e respirável, confortável o dia inteiro</li><li><strong>Gola careca em ribana com reforço</strong>, que mantém o formato</li><li><strong>Costuras reforçadas</strong>, para durar mais</li><li><strong>Modelagem unissex</strong>, com caimento moderno</li><li><strong>Estampa frontal grande</strong>, com o rosto e o nome em destaque. Na preta, a arte vem em vermelho</li></ul><p><strong>Quando usar:</strong> Para o dia a dia, encontros com os amigos, eventos e para quem gosta de mostrar o que pensa com estilo.</p><p><strong>Cores disponíveis:</strong> branca, marrom, rosa, cinza, marrom escuro, preta e vermelha.</p><p><strong>Ficha técnica</strong><br>Tecido: 100% algodão, fio 30.1<br>Modelagem: Unissex<br>Gola: Redonda (careca), em ribana com reforço<br>Mangas: Curtas<br>Tamanhos: P, M, G, GG<br>Medidas (referência): P 50 × 70 cm · M 53 × 72 cm · G 56 × 74 cm · GG 59 × 76 cm (largura de axila a axila × comprimento do ombro à barra). Podem variar até 2 cm.<br>Cuidados: Lavar com água fria ou morna, sem alvejante com cloro. Secar à sombra. Passar em temperatura média. Evitar secadora em alta temperatura.<br>Observação: A cor pode variar um pouco conforme a tela.</p>",sim,sim,nao,Asa Delta Store,Camisas>Lula 13,,,,,"Cor:Cinza;Tamanho:M",49.90,,,,,,nao,sim,,,,,,,,,,nao,,,,,sim,,Camisa Lula 13 | Asa Delta Store,"Camisa Lula 13. Cores: branca, marrom, rosa, cinza, marrom escuro, preta e vermelha. Tamanhos: P, M, G, GG.",,,"camisa lula,camiseta lula,camisa do lula,camiseta do lula,camisa lula 13,camiseta lula 13,camisa 13,camiseta 13,camisa pt,camiseta pt,camisa brilha uma estrela,faz o l,camisa vermelha lula,camisa preta lula,camisa branca lula,camisa rosa lula,camisa cinza lula"
camisa-lula-13,13-CAM-CINZA-G,Camisa Lula 13,"<p>Uma estampa com presença, feita para ser notada.</p><p>A Camisa Lula 13 traz o <strong>rosto do Lula</strong> em arte de alto contraste, com o nome em destaque e a frase <strong>“Brilha uma estrela”</strong>. São sete cores para combinar do jeito que você gosta.</p><p><strong>Destaques</strong></p><ul><li><strong>Malha 100% algodão fio 30.1</strong>: toque macio, leve e respirável, confortável o dia inteiro</li><li><strong>Gola careca em ribana com reforço</strong>, que mantém o formato</li><li><strong>Costuras reforçadas</strong>, para durar mais</li><li><strong>Modelagem unissex</strong>, com caimento moderno</li><li><strong>Estampa frontal grande</strong>, com o rosto e o nome em destaque. Na preta, a arte vem em vermelho</li></ul><p><strong>Quando usar:</strong> Para o dia a dia, encontros com os amigos, eventos e para quem gosta de mostrar o que pensa com estilo.</p><p><strong>Cores disponíveis:</strong> branca, marrom, rosa, cinza, marrom escuro, preta e vermelha.</p><p><strong>Ficha técnica</strong><br>Tecido: 100% algodão, fio 30.1<br>Modelagem: Unissex<br>Gola: Redonda (careca), em ribana com reforço<br>Mangas: Curtas<br>Tamanhos: P, M, G, GG<br>Medidas (referência): P 50 × 70 cm · M 53 × 72 cm · G 56 × 74 cm · GG 59 × 76 cm (largura de axila a axila × comprimento do ombro à barra). Podem variar até 2 cm.<br>Cuidados: Lavar com água fria ou morna, sem alvejante com cloro. Secar à sombra. Passar em temperatura média. Evitar secadora em alta temperatura.<br>Observação: A cor pode variar um pouco conforme a tela.</p>",sim,sim,nao,Asa Delta Store,Camisas>Lula 13,,,,,"Cor:Cinza;Tamanho:G",49.90,,,,,,nao,sim,,,,,,,,,,nao,,,,,sim,,Camisa Lula 13 | Asa Delta Store,"Camisa Lula 13. Cores: branca, marrom, rosa, cinza, marrom escuro, preta e vermelha. Tamanhos: P, M, G, GG.",,,"camisa lula,camiseta lula,camisa do lula,camiseta do lula,camisa lula 13,camiseta lula 13,camisa 13,camiseta 13,camisa pt,camiseta pt,camisa brilha uma estrela,faz o l,camisa vermelha lula,camisa preta lula,camisa branca lula,camisa rosa lula,camisa cinza lula"
camisa-lula-13,13-CAM-CINZA-GG,Camisa Lula 13,"<p>Uma estampa com presença, feita para ser notada.</p><p>A Camisa Lula 13 traz o <strong>rosto do Lula</strong> em arte de alto contraste, com o nome em destaque e a frase <strong>“Brilha uma estrela”</strong>. São sete cores para combinar do jeito que você gosta.</p><p><strong>Destaques</strong></p><ul><li><strong>Malha 100% algodão fio 30.1</strong>: toque macio, leve e respirável, confortável o dia inteiro</li><li><strong>Gola careca em ribana com reforço</strong>, que mantém o formato</li><li><strong>Costuras reforçadas</strong>, para durar mais</li><li><strong>Modelagem unissex</strong>, com caimento moderno</li><li><strong>Estampa frontal grande</strong>, com o rosto e o nome em destaque. Na preta, a arte vem em vermelho</li></ul><p><strong>Quando usar:</strong> Para o dia a dia, encontros com os amigos, eventos e para quem gosta de mostrar o que pensa com estilo.</p><p><strong>Cores disponíveis:</strong> branca, marrom, rosa, cinza, marrom escuro, preta e vermelha.</p><p><strong>Ficha técnica</strong><br>Tecido: 100% algodão, fio 30.1<br>Modelagem: Unissex<br>Gola: Redonda (careca), em ribana com reforço<br>Mangas: Curtas<br>Tamanhos: P, M, G, GG<br>Medidas (referência): P 50 × 70 cm · M 53 × 72 cm · G 56 × 74 cm · GG 59 × 76 cm (largura de axila a axila × comprimento do ombro à barra). Podem variar até 2 cm.<br>Cuidados: Lavar com água fria ou morna, sem alvejante com cloro. Secar à sombra. Passar em temperatura média. Evitar secadora em alta temperatura.<br>Observação: A cor pode variar um pouco conforme a tela.</p>",sim,sim,nao,Asa Delta Store,Camisas>Lula 13,,,,,"Cor:Cinza;Tamanho:GG",49.90,,,,,,nao,sim,,,,,,,,,,nao,,,,,sim,,Camisa Lula 13 | Asa Delta Store,"Camisa Lula 13. Cores: branca, marrom, rosa, cinza, marrom escuro, preta e vermelha. Tamanhos: P, M, G, GG.",,,"camisa lula,camiseta lula,camisa do lula,camiseta do lula,camisa lula 13,camiseta lula 13,camisa 13,camiseta 13,camisa pt,camiseta pt,camisa brilha uma estrela,faz o l,camisa vermelha lula,camisa preta lula,camisa branca lula,camisa rosa lula,camisa cinza lula"
camisa-lula-13,13-CAM-MARROMESCURO-P,Camisa Lula 13,"<p>Uma estampa com presença, feita para ser notada.</p><p>A Camisa Lula 13 traz o <strong>rosto do Lula</strong> em arte de alto contraste, com o nome em destaque e a frase <strong>“Brilha uma estrela”</strong>. São sete cores para combinar do jeito que você gosta.</p><p><strong>Destaques</strong></p><ul><li><strong>Malha 100% algodão fio 30.1</strong>: toque macio, leve e respirável, confortável o dia inteiro</li><li><strong>Gola careca em ribana com reforço</strong>, que mantém o formato</li><li><strong>Costuras reforçadas</strong>, para durar mais</li><li><strong>Modelagem unissex</strong>, com caimento moderno</li><li><strong>Estampa frontal grande</strong>, com o rosto e o nome em destaque. Na preta, a arte vem em vermelho</li></ul><p><strong>Quando usar:</strong> Para o dia a dia, encontros com os amigos, eventos e para quem gosta de mostrar o que pensa com estilo.</p><p><strong>Cores disponíveis:</strong> branca, marrom, rosa, cinza, marrom escuro, preta e vermelha.</p><p><strong>Ficha técnica</strong><br>Tecido: 100% algodão, fio 30.1<br>Modelagem: Unissex<br>Gola: Redonda (careca), em ribana com reforço<br>Mangas: Curtas<br>Tamanhos: P, M, G, GG<br>Medidas (referência): P 50 × 70 cm · M 53 × 72 cm · G 56 × 74 cm · GG 59 × 76 cm (largura de axila a axila × comprimento do ombro à barra). Podem variar até 2 cm.<br>Cuidados: Lavar com água fria ou morna, sem alvejante com cloro. Secar à sombra. Passar em temperatura média. Evitar secadora em alta temperatura.<br>Observação: A cor pode variar um pouco conforme a tela.</p>",sim,sim,nao,Asa Delta Store,Camisas>Lula 13,,,,,"Cor:Marrom escuro;Tamanho:P",49.90,,,,,,nao,sim,,,,,,,,,,nao,,,,,sim,,Camisa Lula 13 | Asa Delta Store,"Camisa Lula 13. Cores: branca, marrom, rosa, cinza, marrom escuro, preta e vermelha. Tamanhos: P, M, G, GG.",,,"camisa lula,camiseta lula,camisa do lula,camiseta do lula,camisa lula 13,camiseta lula 13,camisa 13,camiseta 13,camisa pt,camiseta pt,camisa brilha uma estrela,faz o l,camisa vermelha lula,camisa preta lula,camisa branca lula,camisa rosa lula,camisa cinza lula"
camisa-lula-13,13-CAM-MARROMESCURO-M,Camisa Lula 13,"<p>Uma estampa com presença, feita para ser notada.</p><p>A Camisa Lula 13 traz o <strong>rosto do Lula</strong> em arte de alto contraste, com o nome em destaque e a frase <strong>“Brilha uma estrela”</strong>. São sete cores para combinar do jeito que você gosta.</p><p><strong>Destaques</strong></p><ul><li><strong>Malha 100% algodão fio 30.1</strong>: toque macio, leve e respirável, confortável o dia inteiro</li><li><strong>Gola careca em ribana com reforço</strong>, que mantém o formato</li><li><strong>Costuras reforçadas</strong>, para durar mais</li><li><strong>Modelagem unissex</strong>, com caimento moderno</li><li><strong>Estampa frontal grande</strong>, com o rosto e o nome em destaque. Na preta, a arte vem em vermelho</li></ul><p><strong>Quando usar:</strong> Para o dia a dia, encontros com os amigos, eventos e para quem gosta de mostrar o que pensa com estilo.</p><p><strong>Cores disponíveis:</strong> branca, marrom, rosa, cinza, marrom escuro, preta e vermelha.</p><p><strong>Ficha técnica</strong><br>Tecido: 100% algodão, fio 30.1<br>Modelagem: Unissex<br>Gola: Redonda (careca), em ribana com reforço<br>Mangas: Curtas<br>Tamanhos: P, M, G, GG<br>Medidas (referência): P 50 × 70 cm · M 53 × 72 cm · G 56 × 74 cm · GG 59 × 76 cm (largura de axila a axila × comprimento do ombro à barra). Podem variar até 2 cm.<br>Cuidados: Lavar com água fria ou morna, sem alvejante com cloro. Secar à sombra. Passar em temperatura média. Evitar secadora em alta temperatura.<br>Observação: A cor pode variar um pouco conforme a tela.</p>",sim,sim,nao,Asa Delta Store,Camisas>Lula 13,,,,,"Cor:Marrom escuro;Tamanho:M",49.90,,,,,,nao,sim,,,,,,,,,,nao,,,,,sim,,Camisa Lula 13 | Asa Delta Store,"Camisa Lula 13. Cores: branca, marrom, rosa, cinza, marrom escuro, preta e vermelha. Tamanhos: P, M, G, GG.",,,"camisa lula,camiseta lula,camisa do lula,camiseta do lula,camisa lula 13,camiseta lula 13,camisa 13,camiseta 13,camisa pt,camiseta pt,camisa brilha uma estrela,faz o l,camisa vermelha lula,camisa preta lula,camisa branca lula,camisa rosa lula,camisa cinza lula"
camisa-lula-13,13-CAM-MARROMESCURO-G,Camisa Lula 13,"<p>Uma estampa com presença, feita para ser notada.</p><p>A Camisa Lula 13 traz o <strong>rosto do Lula</strong> em arte de alto contraste, com o nome em destaque e a frase <strong>“Brilha uma estrela”</strong>. São sete cores para combinar do jeito que você gosta.</p><p><strong>Destaques</strong></p><ul><li><strong>Malha 100% algodão fio 30.1</strong>: toque macio, leve e respirável, confortável o dia inteiro</li><li><strong>Gola careca em ribana com reforço</strong>, que mantém o formato</li><li><strong>Costuras reforçadas</strong>, para durar mais</li><li><strong>Modelagem unissex</strong>, com caimento moderno</li><li><strong>Estampa frontal grande</strong>, com o rosto e o nome em destaque. Na preta, a arte vem em vermelho</li></ul><p><strong>Quando usar:</strong> Para o dia a dia, encontros com os amigos, eventos e para quem gosta de mostrar o que pensa com estilo.</p><p><strong>Cores disponíveis:</strong> branca, marrom, rosa, cinza, marrom escuro, preta e vermelha.</p><p><strong>Ficha técnica</strong><br>Tecido: 100% algodão, fio 30.1<br>Modelagem: Unissex<br>Gola: Redonda (careca), em ribana com reforço<br>Mangas: Curtas<br>Tamanhos: P, M, G, GG<br>Medidas (referência): P 50 × 70 cm · M 53 × 72 cm · G 56 × 74 cm · GG 59 × 76 cm (largura de axila a axila × comprimento do ombro à barra). Podem variar até 2 cm.<br>Cuidados: Lavar com água fria ou morna, sem alvejante com cloro. Secar à sombra. Passar em temperatura média. Evitar secadora em alta temperatura.<br>Observação: A cor pode variar um pouco conforme a tela.</p>",sim,sim,nao,Asa Delta Store,Camisas>Lula 13,,,,,"Cor:Marrom escuro;Tamanho:G",49.90,,,,,,nao,sim,,,,,,,,,,nao,,,,,sim,,Camisa Lula 13 | Asa Delta Store,"Camisa Lula 13. Cores: branca, marrom, rosa, cinza, marrom escuro, preta e vermelha. Tamanhos: P, M, G, GG.",,,"camisa lula,camiseta lula,camisa do lula,camiseta do lula,camisa lula 13,camiseta lula 13,camisa 13,camiseta 13,camisa pt,camiseta pt,camisa brilha uma estrela,faz o l,camisa vermelha lula,camisa preta lula,camisa branca lula,camisa rosa lula,camisa cinza lula"
camisa-lula-13,13-CAM-MARROMESCURO-GG,Camisa Lula 13,"<p>Uma estampa com presença, feita para ser notada.</p><p>A Camisa Lula 13 traz o <strong>rosto do Lula</strong> em arte de alto contraste, com o nome em destaque e a frase <strong>“Brilha uma estrela”</strong>. São sete cores para combinar do jeito que você gosta.</p><p><strong>Destaques</strong></p><ul><li><strong>Malha 100% algodão fio 30.1</strong>: toque macio, leve e respirável, confortável o dia inteiro</li><li><strong>Gola careca em ribana com reforço</strong>, que mantém o formato</li><li><strong>Costuras reforçadas</strong>, para durar mais</li><li><strong>Modelagem unissex</strong>, com caimento moderno</li><li><strong>Estampa frontal grande</strong>, com o rosto e o nome em destaque. Na preta, a arte vem em vermelho</li></ul><p><strong>Quando usar:</strong> Para o dia a dia, encontros com os amigos, eventos e para quem gosta de mostrar o que pensa com estilo.</p><p><strong>Cores disponíveis:</strong> branca, marrom, rosa, cinza, marrom escuro, preta e vermelha.</p><p><strong>Ficha técnica</strong><br>Tecido: 100% algodão, fio 30.1<br>Modelagem: Unissex<br>Gola: Redonda (careca), em ribana com reforço<br>Mangas: Curtas<br>Tamanhos: P, M, G, GG<br>Medidas (referência): P 50 × 70 cm · M 53 × 72 cm · G 56 × 74 cm · GG 59 × 76 cm (largura de axila a axila × comprimento do ombro à barra). Podem variar até 2 cm.<br>Cuidados: Lavar com água fria ou morna, sem alvejante com cloro. Secar à sombra. Passar em temperatura média. Evitar secadora em alta temperatura.<br>Observação: A cor pode variar um pouco conforme a tela.</p>",sim,sim,nao,Asa Delta Store,Camisas>Lula 13,,,,,"Cor:Marrom escuro;Tamanho:GG",49.90,,,,,,nao,sim,,,,,,,,,,nao,,,,,sim,,Camisa Lula 13 | Asa Delta Store,"Camisa Lula 13. Cores: branca, marrom, rosa, cinza, marrom escuro, preta e vermelha. Tamanhos: P, M, G, GG.",,,"camisa lula,camiseta lula,camisa do lula,camiseta do lula,camisa lula 13,camiseta lula 13,camisa 13,camiseta 13,camisa pt,camiseta pt,camisa brilha uma estrela,faz o l,camisa vermelha lula,camisa preta lula,camisa branca lula,camisa rosa lula,camisa cinza lula"
camisa-lula-13,13-CAM-PRETA-P,Camisa Lula 13,"<p>Uma estampa com presença, feita para ser notada.</p><p>A Camisa Lula 13 traz o <strong>rosto do Lula</strong> em arte de alto contraste, com o nome em destaque e a frase <strong>“Brilha uma estrela”</strong>. São sete cores para combinar do jeito que você gosta.</p><p><strong>Destaques</strong></p><ul><li><strong>Malha 100% algodão fio 30.1</strong>: toque macio, leve e respirável, confortável o dia inteiro</li><li><strong>Gola careca em ribana com reforço</strong>, que mantém o formato</li><li><strong>Costuras reforçadas</strong>, para durar mais</li><li><strong>Modelagem unissex</strong>, com caimento moderno</li><li><strong>Estampa frontal grande</strong>, com o rosto e o nome em destaque. Na preta, a arte vem em vermelho</li></ul><p><strong>Quando usar:</strong> Para o dia a dia, encontros com os amigos, eventos e para quem gosta de mostrar o que pensa com estilo.</p><p><strong>Cores disponíveis:</strong> branca, marrom, rosa, cinza, marrom escuro, preta e vermelha.</p><p><strong>Ficha técnica</strong><br>Tecido: 100% algodão, fio 30.1<br>Modelagem: Unissex<br>Gola: Redonda (careca), em ribana com reforço<br>Mangas: Curtas<br>Tamanhos: P, M, G, GG<br>Medidas (referência): P 50 × 70 cm · M 53 × 72 cm · G 56 × 74 cm · GG 59 × 76 cm (largura de axila a axila × comprimento do ombro à barra). Podem variar até 2 cm.<br>Cuidados: Lavar com água fria ou morna, sem alvejante com cloro. Secar à sombra. Passar em temperatura média. Evitar secadora em alta temperatura.<br>Observação: A cor pode variar um pouco conforme a tela.</p>",sim,sim,nao,Asa Delta Store,Camisas>Lula 13,,,,,"Cor:Preta;Tamanho:P",49.90,,,,,,nao,sim,,,,,,,,,,nao,,,,,sim,,Camisa Lula 13 | Asa Delta Store,"Camisa Lula 13. Cores: branca, marrom, rosa, cinza, marrom escuro, preta e vermelha. Tamanhos: P, M, G, GG.",,,"camisa lula,camiseta lula,camisa do lula,camiseta do lula,camisa lula 13,camiseta lula 13,camisa 13,camiseta 13,camisa pt,camiseta pt,camisa brilha uma estrela,faz o l,camisa vermelha lula,camisa preta lula,camisa branca lula,camisa rosa lula,camisa cinza lula"
camisa-lula-13,13-CAM-PRETA-M,Camisa Lula 13,"<p>Uma estampa com presença, feita para ser notada.</p><p>A Camisa Lula 13 traz o <strong>rosto do Lula</strong> em arte de alto contraste, com o nome em destaque e a frase <strong>“Brilha uma estrela”</strong>. São sete cores para combinar do jeito que você gosta.</p><p><strong>Destaques</strong></p><ul><li><strong>Malha 100% algodão fio 30.1</strong>: toque macio, leve e respirável, confortável o dia inteiro</li><li><strong>Gola careca em ribana com reforço</strong>, que mantém o formato</li><li><strong>Costuras reforçadas</strong>, para durar mais</li><li><strong>Modelagem unissex</strong>, com caimento moderno</li><li><strong>Estampa frontal grande</strong>, com o rosto e o nome em destaque. Na preta, a arte vem em vermelho</li></ul><p><strong>Quando usar:</strong> Para o dia a dia, encontros com os amigos, eventos e para quem gosta de mostrar o que pensa com estilo.</p><p><strong>Cores disponíveis:</strong> branca, marrom, rosa, cinza, marrom escuro, preta e vermelha.</p><p><strong>Ficha técnica</strong><br>Tecido: 100% algodão, fio 30.1<br>Modelagem: Unissex<br>Gola: Redonda (careca), em ribana com reforço<br>Mangas: Curtas<br>Tamanhos: P, M, G, GG<br>Medidas (referência): P 50 × 70 cm · M 53 × 72 cm · G 56 × 74 cm · GG 59 × 76 cm (largura de axila a axila × comprimento do ombro à barra). Podem variar até 2 cm.<br>Cuidados: Lavar com água fria ou morna, sem alvejante com cloro. Secar à sombra. Passar em temperatura média. Evitar secadora em alta temperatura.<br>Observação: A cor pode variar um pouco conforme a tela.</p>",sim,sim,nao,Asa Delta Store,Camisas>Lula 13,,,,,"Cor:Preta;Tamanho:M",49.90,,,,,,nao,sim,,,,,,,,,,nao,,,,,sim,,Camisa Lula 13 | Asa Delta Store,"Camisa Lula 13. Cores: branca, marrom, rosa, cinza, marrom escuro, preta e vermelha. Tamanhos: P, M, G, GG.",,,"camisa lula,camiseta lula,camisa do lula,camiseta do lula,camisa lula 13,camiseta lula 13,camisa 13,camiseta 13,camisa pt,camiseta pt,camisa brilha uma estrela,faz o l,camisa vermelha lula,camisa preta lula,camisa branca lula,camisa rosa lula,camisa cinza lula"
camisa-lula-13,13-CAM-PRETA-G,Camisa Lula 13,"<p>Uma estampa com presença, feita para ser notada.</p><p>A Camisa Lula 13 traz o <strong>rosto do Lula</strong> em arte de alto contraste, com o nome em destaque e a frase <strong>“Brilha uma estrela”</strong>. São sete cores para combinar do jeito que você gosta.</p><p><strong>Destaques</strong></p><ul><li><strong>Malha 100% algodão fio 30.1</strong>: toque macio, leve e respirável, confortável o dia inteiro</li><li><strong>Gola careca em ribana com reforço</strong>, que mantém o formato</li><li><strong>Costuras reforçadas</strong>, para durar mais</li><li><strong>Modelagem unissex</strong>, com caimento moderno</li><li><strong>Estampa frontal grande</strong>, com o rosto e o nome em destaque. Na preta, a arte vem em vermelho</li></ul><p><strong>Quando usar:</strong> Para o dia a dia, encontros com os amigos, eventos e para quem gosta de mostrar o que pensa com estilo.</p><p><strong>Cores disponíveis:</strong> branca, marrom, rosa, cinza, marrom escuro, preta e vermelha.</p><p><strong>Ficha técnica</strong><br>Tecido: 100% algodão, fio 30.1<br>Modelagem: Unissex<br>Gola: Redonda (careca), em ribana com reforço<br>Mangas: Curtas<br>Tamanhos: P, M, G, GG<br>Medidas (referência): P 50 × 70 cm · M 53 × 72 cm · G 56 × 74 cm · GG 59 × 76 cm (largura de axila a axila × comprimento do ombro à barra). Podem variar até 2 cm.<br>Cuidados: Lavar com água fria ou morna, sem alvejante com cloro. Secar à sombra. Passar em temperatura média. Evitar secadora em alta temperatura.<br>Observação: A cor pode variar um pouco conforme a tela.</p>",sim,sim,nao,Asa Delta Store,Camisas>Lula 13,,,,,"Cor:Preta;Tamanho:G",49.90,,,,,,nao,sim,,,,,,,,,,nao,,,,,sim,,Camisa Lula 13 | Asa Delta Store,"Camisa Lula 13. Cores: branca, marrom, rosa, cinza, marrom escuro, preta e vermelha. Tamanhos: P, M, G, GG.",,,"camisa lula,camiseta lula,camisa do lula,camiseta do lula,camisa lula 13,camiseta lula 13,camisa 13,camiseta 13,camisa pt,camiseta pt,camisa brilha uma estrela,faz o l,camisa vermelha lula,camisa preta lula,camisa branca lula,camisa rosa lula,camisa cinza lula"
camisa-lula-13,13-CAM-PRETA-GG,Camisa Lula 13,"<p>Uma estampa com presença, feita para ser notada.</p><p>A Camisa Lula 13 traz o <strong>rosto do Lula</strong> em arte de alto contraste, com o nome em destaque e a frase <strong>“Brilha uma estrela”</strong>. São sete cores para combinar do jeito que você gosta.</p><p><strong>Destaques</strong></p><ul><li><strong>Malha 100% algodão fio 30.1</strong>: toque macio, leve e respirável, confortável o dia inteiro</li><li><strong>Gola careca em ribana com reforço</strong>, que mantém o formato</li><li><strong>Costuras reforçadas</strong>, para durar mais</li><li><strong>Modelagem unissex</strong>, com caimento moderno</li><li><strong>Estampa frontal grande</strong>, com o rosto e o nome em destaque. Na preta, a arte vem em vermelho</li></ul><p><strong>Quando usar:</strong> Para o dia a dia, encontros com os amigos, eventos e para quem gosta de mostrar o que pensa com estilo.</p><p><strong>Cores disponíveis:</strong> branca, marrom, rosa, cinza, marrom escuro, preta e vermelha.</p><p><strong>Ficha técnica</strong><br>Tecido: 100% algodão, fio 30.1<br>Modelagem: Unissex<br>Gola: Redonda (careca), em ribana com reforço<br>Mangas: Curtas<br>Tamanhos: P, M, G, GG<br>Medidas (referência): P 50 × 70 cm · M 53 × 72 cm · G 56 × 74 cm · GG 59 × 76 cm (largura de axila a axila × comprimento do ombro à barra). Podem variar até 2 cm.<br>Cuidados: Lavar com água fria ou morna, sem alvejante com cloro. Secar à sombra. Passar em temperatura média. Evitar secadora em alta temperatura.<br>Observação: A cor pode variar um pouco conforme a tela.</p>",sim,sim,nao,Asa Delta Store,Camisas>Lula 13,,,,,"Cor:Preta;Tamanho:GG",49.90,,,,,,nao,sim,,,,,,,,,,nao,,,,,sim,,Camisa Lula 13 | Asa Delta Store,"Camisa Lula 13. Cores: branca, marrom, rosa, cinza, marrom escuro, preta e vermelha. Tamanhos: P, M, G, GG.",,,"camisa lula,camiseta lula,camisa do lula,camiseta do lula,camisa lula 13,camiseta lula 13,camisa 13,camiseta 13,camisa pt,camiseta pt,camisa brilha uma estrela,faz o l,camisa vermelha lula,camisa preta lula,camisa branca lula,camisa rosa lula,camisa cinza lula"
camisa-lula-13,13-CAM-VERMELHA-P,Camisa Lula 13,"<p>Uma estampa com presença, feita para ser notada.</p><p>A Camisa Lula 13 traz o <strong>rosto do Lula</strong> em arte de alto contraste, com o nome em destaque e a frase <strong>“Brilha uma estrela”</strong>. São sete cores para combinar do jeito que você gosta.</p><p><strong>Destaques</strong></p><ul><li><strong>Malha 100% algodão fio 30.1</strong>: toque macio, leve e respirável, confortável o dia inteiro</li><li><strong>Gola careca em ribana com reforço</strong>, que mantém o formato</li><li><strong>Costuras reforçadas</strong>, para durar mais</li><li><strong>Modelagem unissex</strong>, com caimento moderno</li><li><strong>Estampa frontal grande</strong>, com o rosto e o nome em destaque. Na preta, a arte vem em vermelho</li></ul><p><strong>Quando usar:</strong> Para o dia a dia, encontros com os amigos, eventos e para quem gosta de mostrar o que pensa com estilo.</p><p><strong>Cores disponíveis:</strong> branca, marrom, rosa, cinza, marrom escuro, preta e vermelha.</p><p><strong>Ficha técnica</strong><br>Tecido: 100% algodão, fio 30.1<br>Modelagem: Unissex<br>Gola: Redonda (careca), em ribana com reforço<br>Mangas: Curtas<br>Tamanhos: P, M, G, GG<br>Medidas (referência): P 50 × 70 cm · M 53 × 72 cm · G 56 × 74 cm · GG 59 × 76 cm (largura de axila a axila × comprimento do ombro à barra). Podem variar até 2 cm.<br>Cuidados: Lavar com água fria ou morna, sem alvejante com cloro. Secar à sombra. Passar em temperatura média. Evitar secadora em alta temperatura.<br>Observação: A cor pode variar um pouco conforme a tela.</p>",sim,sim,nao,Asa Delta Store,Camisas>Lula 13,,,,,"Cor:Vermelha;Tamanho:P",49.90,,,,,,nao,sim,,,,,,,,,,nao,,,,,sim,,Camisa Lula 13 | Asa Delta Store,"Camisa Lula 13. Cores: branca, marrom, rosa, cinza, marrom escuro, preta e vermelha. Tamanhos: P, M, G, GG.",,,"camisa lula,camiseta lula,camisa do lula,camiseta do lula,camisa lula 13,camiseta lula 13,camisa 13,camiseta 13,camisa pt,camiseta pt,camisa brilha uma estrela,faz o l,camisa vermelha lula,camisa preta lula,camisa branca lula,camisa rosa lula,camisa cinza lula"
camisa-lula-13,13-CAM-VERMELHA-M,Camisa Lula 13,"<p>Uma estampa com presença, feita para ser notada.</p><p>A Camisa Lula 13 traz o <strong>rosto do Lula</strong> em arte de alto contraste, com o nome em destaque e a frase <strong>“Brilha uma estrela”</strong>. São sete cores para combinar do jeito que você gosta.</p><p><strong>Destaques</strong></p><ul><li><strong>Malha 100% algodão fio 30.1</strong>: toque macio, leve e respirável, confortável o dia inteiro</li><li><strong>Gola careca em ribana com reforço</strong>, que mantém o formato</li><li><strong>Costuras reforçadas</strong>, para durar mais</li><li><strong>Modelagem unissex</strong>, com caimento moderno</li><li><strong>Estampa frontal grande</strong>, com o rosto e o nome em destaque. Na preta, a arte vem em vermelho</li></ul><p><strong>Quando usar:</strong> Para o dia a dia, encontros com os amigos, eventos e para quem gosta de mostrar o que pensa com estilo.</p><p><strong>Cores disponíveis:</strong> branca, marrom, rosa, cinza, marrom escuro, preta e vermelha.</p><p><strong>Ficha técnica</strong><br>Tecido: 100% algodão, fio 30.1<br>Modelagem: Unissex<br>Gola: Redonda (careca), em ribana com reforço<br>Mangas: Curtas<br>Tamanhos: P, M, G, GG<br>Medidas (referência): P 50 × 70 cm · M 53 × 72 cm · G 56 × 74 cm · GG 59 × 76 cm (largura de axila a axila × comprimento do ombro à barra). Podem variar até 2 cm.<br>Cuidados: Lavar com água fria ou morna, sem alvejante com cloro. Secar à sombra. Passar em temperatura média. Evitar secadora em alta temperatura.<br>Observação: A cor pode variar um pouco conforme a tela.</p>",sim,sim,nao,Asa Delta Store,Camisas>Lula 13,,,,,"Cor:Vermelha;Tamanho:M",49.90,,,,,,nao,sim,,,,,,,,,,nao,,,,,sim,,Camisa Lula 13 | Asa Delta Store,"Camisa Lula 13. Cores: branca, marrom, rosa, cinza, marrom escuro, preta e vermelha. Tamanhos: P, M, G, GG.",,,"camisa lula,camiseta lula,camisa do lula,camiseta do lula,camisa lula 13,camiseta lula 13,camisa 13,camiseta 13,camisa pt,camiseta pt,camisa brilha uma estrela,faz o l,camisa vermelha lula,camisa preta lula,camisa branca lula,camisa rosa lula,camisa cinza lula"
camisa-lula-13,13-CAM-VERMELHA-G,Camisa Lula 13,"<p>Uma estampa com presença, feita para ser notada.</p><p>A Camisa Lula 13 traz o <strong>rosto do Lula</strong> em arte de alto contraste, com o nome em destaque e a frase <strong>“Brilha uma estrela”</strong>. São sete cores para combinar do jeito que você gosta.</p><p><strong>Destaques</strong></p><ul><li><strong>Malha 100% algodão fio 30.1</strong>: toque macio, leve e respirável, confortável o dia inteiro</li><li><strong>Gola careca em ribana com reforço</strong>, que mantém o formato</li><li><strong>Costuras reforçadas</strong>, para durar mais</li><li><strong>Modelagem unissex</strong>, com caimento moderno</li><li><strong>Estampa frontal grande</strong>, com o rosto e o nome em destaque. Na preta, a arte vem em vermelho</li></ul><p><strong>Quando usar:</strong> Para o dia a dia, encontros com os amigos, eventos e para quem gosta de mostrar o que pensa com estilo.</p><p><strong>Cores disponíveis:</strong> branca, marrom, rosa, cinza, marrom escuro, preta e vermelha.</p><p><strong>Ficha técnica</strong><br>Tecido: 100% algodão, fio 30.1<br>Modelagem: Unissex<br>Gola: Redonda (careca), em ribana com reforço<br>Mangas: Curtas<br>Tamanhos: P, M, G, GG<br>Medidas (referência): P 50 × 70 cm · M 53 × 72 cm · G 56 × 74 cm · GG 59 × 76 cm (largura de axila a axila × comprimento do ombro à barra). Podem variar até 2 cm.<br>Cuidados: Lavar com água fria ou morna, sem alvejante com cloro. Secar à sombra. Passar em temperatura média. Evitar secadora em alta temperatura.<br>Observação: A cor pode variar um pouco conforme a tela.</p>",sim,sim,nao,Asa Delta Store,Camisas>Lula 13,,,,,"Cor:Vermelha;Tamanho:G",49.90,,,,,,nao,sim,,,,,,,,,,nao,,,,,sim,,Camisa Lula 13 | Asa Delta Store,"Camisa Lula 13. Cores: branca, marrom, rosa, cinza, marrom escuro, preta e vermelha. Tamanhos: P, M, G, GG.",,,"camisa lula,camiseta lula,camisa do lula,camiseta do lula,camisa lula 13,camiseta lula 13,camisa 13,camiseta 13,camisa pt,camiseta pt,camisa brilha uma estrela,faz o l,camisa vermelha lula,camisa preta lula,camisa branca lula,camisa rosa lula,camisa cinza lula"
camisa-lula-13,13-CAM-VERMELHA-GG,Camisa Lula 13,"<p>Uma estampa com presença, feita para ser notada.</p><p>A Camisa Lula 13 traz o <strong>rosto do Lula</strong> em arte de alto contraste, com o nome em destaque e a frase <strong>“Brilha uma estrela”</strong>. São sete cores para combinar do jeito que você gosta.</p><p><strong>Destaques</strong></p><ul><li><strong>Malha 100% algodão fio 30.1</strong>: toque macio, leve e respirável, confortável o dia inteiro</li><li><strong>Gola careca em ribana com reforço</strong>, que mantém o formato</li><li><strong>Costuras reforçadas</strong>, para durar mais</li><li><strong>Modelagem unissex</strong>, com caimento moderno</li><li><strong>Estampa frontal grande</strong>, com o rosto e o nome em destaque. Na preta, a arte vem em vermelho</li></ul><p><strong>Quando usar:</strong> Para o dia a dia, encontros com os amigos, eventos e para quem gosta de mostrar o que pensa com estilo.</p><p><strong>Cores disponíveis:</strong> branca, marrom, rosa, cinza, marrom escuro, preta e vermelha.</p><p><strong>Ficha técnica</strong><br>Tecido: 100% algodão, fio 30.1<br>Modelagem: Unissex<br>Gola: Redonda (careca), em ribana com reforço<br>Mangas: Curtas<br>Tamanhos: P, M, G, GG<br>Medidas (referência): P 50 × 70 cm · M 53 × 72 cm · G 56 × 74 cm · GG 59 × 76 cm (largura de axila a axila × comprimento do ombro à barra). Podem variar até 2 cm.<br>Cuidados: Lavar com água fria ou morna, sem alvejante com cloro. Secar à sombra. Passar em temperatura média. Evitar secadora em alta temperatura.<br>Observação: A cor pode variar um pouco conforme a tela.</p>",sim,sim,nao,Asa Delta Store,Camisas>Lula 13,,,,,"Cor:Vermelha;Tamanho:GG",49.90,,,,,,nao,sim,,,,,,,,,,nao,,,,,sim,,Camisa Lula 13 | Asa Delta Store,"Camisa Lula 13. Cores: branca, marrom, rosa, cinza, marrom escuro, preta e vermelha. Tamanhos: P, M, G, GG.",,,"camisa lula,camiseta lula,camisa do lula,camiseta do lula,camisa lula 13,camiseta lula 13,camisa 13,camiseta 13,camisa pt,camiseta pt,camisa brilha uma estrela,faz o l,camisa vermelha lula,camisa preta lula,camisa branca lula,camisa rosa lula,camisa cinza lula"
camisa-bolsonaro-22,22-CAM-BRANCA-P,Camisa Bolsonaro 22,"<p>Direta, simples e com recado claro.</p><p>A Camisa Bolsonaro 22 traz <strong>“Tropa do Bolsonaro”</strong> no peito, com a <strong>faixa verde e amarela</strong> logo abaixo. Tecido leve, visual limpo e caimento unissex, mostrado nas fotos em dois tipos de corpo.</p><p><strong>Destaques</strong></p><ul><li><strong>“Tropa do Bolsonaro” em destaque</strong> no peito, com a faixa verde e amarela</li><li><strong>Estampa de alta definição</strong>, resistente a lavagens</li><li><strong>Tecido leve e de toque suave</strong>, confortável no dia a dia</li><li><strong>Modelagem unissex</strong>, com bom caimento</li><li><strong>Costura reforçada</strong>, para durar mais</li></ul><p><strong>Quando usar:</strong> Para o dia a dia, passeios, encontros com os amigos, eventos e para quem gosta de mostrar o que pensa com estilo.</p><p><strong>Cores disponíveis:</strong> branca e preta.</p><p><strong>Ficha técnica</strong><br>Tecido: 100% algodão<br>Estampa: Frontal, de alta definição<br>Modelagem: Unissex<br>Gola: Redonda<br>Mangas: Curtas<br>Tamanhos: P, M, G, GG<br>Medidas (referência): P 50 × 70 cm · M 53 × 72 cm · G 56 × 74 cm · GG 59 × 76 cm (largura de axila a axila × comprimento do ombro à barra). Podem variar até 2 cm.<br>Cuidados: Lavar com água fria ou morna, sem alvejante com cloro. Secar à sombra. Passar em temperatura média. Evitar secadora em alta temperatura.</p>",sim,sim,nao,Asa Delta Store,Camisas>Bolsonaro 22,,,,,"Cor:Branca;Tamanho:P",49.90,,,,,,nao,sim,,,,,,,,,,nao,,,,,sim,,Camisa Bolsonaro 22 | Asa Delta Store,"Camisa Bolsonaro 22. Cores: branca e preta. Tamanhos: P, M, G, GG.",,,"camisa bolsonaro,camiseta bolsonaro,camisa do bolsonaro,camiseta do bolsonaro,camisa bolsonaro 22,camiseta bolsonaro 22,camisa 22,camiseta 22,camisa tropa do bolsonaro,camiseta tropa do bolsonaro,camisa pl,camiseta pl,camisa verde e amarela,camisa patriota,camisa preta bolsonaro,camisa branca bolsonaro"
camisa-bolsonaro-22,22-CAM-BRANCA-M,Camisa Bolsonaro 22,"<p>Direta, simples e com recado claro.</p><p>A Camisa Bolsonaro 22 traz <strong>“Tropa do Bolsonaro”</strong> no peito, com a <strong>faixa verde e amarela</strong> logo abaixo. Tecido leve, visual limpo e caimento unissex, mostrado nas fotos em dois tipos de corpo.</p><p><strong>Destaques</strong></p><ul><li><strong>“Tropa do Bolsonaro” em destaque</strong> no peito, com a faixa verde e amarela</li><li><strong>Estampa de alta definição</strong>, resistente a lavagens</li><li><strong>Tecido leve e de toque suave</strong>, confortável no dia a dia</li><li><strong>Modelagem unissex</strong>, com bom caimento</li><li><strong>Costura reforçada</strong>, para durar mais</li></ul><p><strong>Quando usar:</strong> Para o dia a dia, passeios, encontros com os amigos, eventos e para quem gosta de mostrar o que pensa com estilo.</p><p><strong>Cores disponíveis:</strong> branca e preta.</p><p><strong>Ficha técnica</strong><br>Tecido: 100% algodão<br>Estampa: Frontal, de alta definição<br>Modelagem: Unissex<br>Gola: Redonda<br>Mangas: Curtas<br>Tamanhos: P, M, G, GG<br>Medidas (referência): P 50 × 70 cm · M 53 × 72 cm · G 56 × 74 cm · GG 59 × 76 cm (largura de axila a axila × comprimento do ombro à barra). Podem variar até 2 cm.<br>Cuidados: Lavar com água fria ou morna, sem alvejante com cloro. Secar à sombra. Passar em temperatura média. Evitar secadora em alta temperatura.</p>",sim,sim,nao,Asa Delta Store,Camisas>Bolsonaro 22,,,,,"Cor:Branca;Tamanho:M",49.90,,,,,,nao,sim,,,,,,,,,,nao,,,,,sim,,Camisa Bolsonaro 22 | Asa Delta Store,"Camisa Bolsonaro 22. Cores: branca e preta. Tamanhos: P, M, G, GG.",,,"camisa bolsonaro,camiseta bolsonaro,camisa do bolsonaro,camiseta do bolsonaro,camisa bolsonaro 22,camiseta bolsonaro 22,camisa 22,camiseta 22,camisa tropa do bolsonaro,camiseta tropa do bolsonaro,camisa pl,camiseta pl,camisa verde e amarela,camisa patriota,camisa preta bolsonaro,camisa branca bolsonaro"
camisa-bolsonaro-22,22-CAM-BRANCA-G,Camisa Bolsonaro 22,"<p>Direta, simples e com recado claro.</p><p>A Camisa Bolsonaro 22 traz <strong>“Tropa do Bolsonaro”</strong> no peito, com a <strong>faixa verde e amarela</strong> logo abaixo. Tecido leve, visual limpo e caimento unissex, mostrado nas fotos em dois tipos de corpo.</p><p><strong>Destaques</strong></p><ul><li><strong>“Tropa do Bolsonaro” em destaque</strong> no peito, com a faixa verde e amarela</li><li><strong>Estampa de alta definição</strong>, resistente a lavagens</li><li><strong>Tecido leve e de toque suave</strong>, confortável no dia a dia</li><li><strong>Modelagem unissex</strong>, com bom caimento</li><li><strong>Costura reforçada</strong>, para durar mais</li></ul><p><strong>Quando usar:</strong> Para o dia a dia, passeios, encontros com os amigos, eventos e para quem gosta de mostrar o que pensa com estilo.</p><p><strong>Cores disponíveis:</strong> branca e preta.</p><p><strong>Ficha técnica</strong><br>Tecido: 100% algodão<br>Estampa: Frontal, de alta definição<br>Modelagem: Unissex<br>Gola: Redonda<br>Mangas: Curtas<br>Tamanhos: P, M, G, GG<br>Medidas (referência): P 50 × 70 cm · M 53 × 72 cm · G 56 × 74 cm · GG 59 × 76 cm (largura de axila a axila × comprimento do ombro à barra). Podem variar até 2 cm.<br>Cuidados: Lavar com água fria ou morna, sem alvejante com cloro. Secar à sombra. Passar em temperatura média. Evitar secadora em alta temperatura.</p>",sim,sim,nao,Asa Delta Store,Camisas>Bolsonaro 22,,,,,"Cor:Branca;Tamanho:G",49.90,,,,,,nao,sim,,,,,,,,,,nao,,,,,sim,,Camisa Bolsonaro 22 | Asa Delta Store,"Camisa Bolsonaro 22. Cores: branca e preta. Tamanhos: P, M, G, GG.",,,"camisa bolsonaro,camiseta bolsonaro,camisa do bolsonaro,camiseta do bolsonaro,camisa bolsonaro 22,camiseta bolsonaro 22,camisa 22,camiseta 22,camisa tropa do bolsonaro,camiseta tropa do bolsonaro,camisa pl,camiseta pl,camisa verde e amarela,camisa patriota,camisa preta bolsonaro,camisa branca bolsonaro"
camisa-bolsonaro-22,22-CAM-BRANCA-GG,Camisa Bolsonaro 22,"<p>Direta, simples e com recado claro.</p><p>A Camisa Bolsonaro 22 traz <strong>“Tropa do Bolsonaro”</strong> no peito, com a <strong>faixa verde e amarela</strong> logo abaixo. Tecido leve, visual limpo e caimento unissex, mostrado nas fotos em dois tipos de corpo.</p><p><strong>Destaques</strong></p><ul><li><strong>“Tropa do Bolsonaro” em destaque</strong> no peito, com a faixa verde e amarela</li><li><strong>Estampa de alta definição</strong>, resistente a lavagens</li><li><strong>Tecido leve e de toque suave</strong>, confortável no dia a dia</li><li><strong>Modelagem unissex</strong>, com bom caimento</li><li><strong>Costura reforçada</strong>, para durar mais</li></ul><p><strong>Quando usar:</strong> Para o dia a dia, passeios, encontros com os amigos, eventos e para quem gosta de mostrar o que pensa com estilo.</p><p><strong>Cores disponíveis:</strong> branca e preta.</p><p><strong>Ficha técnica</strong><br>Tecido: 100% algodão<br>Estampa: Frontal, de alta definição<br>Modelagem: Unissex<br>Gola: Redonda<br>Mangas: Curtas<br>Tamanhos: P, M, G, GG<br>Medidas (referência): P 50 × 70 cm · M 53 × 72 cm · G 56 × 74 cm · GG 59 × 76 cm (largura de axila a axila × comprimento do ombro à barra). Podem variar até 2 cm.<br>Cuidados: Lavar com água fria ou morna, sem alvejante com cloro. Secar à sombra. Passar em temperatura média. Evitar secadora em alta temperatura.</p>",sim,sim,nao,Asa Delta Store,Camisas>Bolsonaro 22,,,,,"Cor:Branca;Tamanho:GG",49.90,,,,,,nao,sim,,,,,,,,,,nao,,,,,sim,,Camisa Bolsonaro 22 | Asa Delta Store,"Camisa Bolsonaro 22. Cores: branca e preta. Tamanhos: P, M, G, GG.",,,"camisa bolsonaro,camiseta bolsonaro,camisa do bolsonaro,camiseta do bolsonaro,camisa bolsonaro 22,camiseta bolsonaro 22,camisa 22,camiseta 22,camisa tropa do bolsonaro,camiseta tropa do bolsonaro,camisa pl,camiseta pl,camisa verde e amarela,camisa patriota,camisa preta bolsonaro,camisa branca bolsonaro"
camisa-bolsonaro-22,22-CAM-PRETA-P,Camisa Bolsonaro 22,"<p>Direta, simples e com recado claro.</p><p>A Camisa Bolsonaro 22 traz <strong>“Tropa do Bolsonaro”</strong> no peito, com a <strong>faixa verde e amarela</strong> logo abaixo. Tecido leve, visual limpo e caimento unissex, mostrado nas fotos em dois tipos de corpo.</p><p><strong>Destaques</strong></p><ul><li><strong>“Tropa do Bolsonaro” em destaque</strong> no peito, com a faixa verde e amarela</li><li><strong>Estampa de alta definição</strong>, resistente a lavagens</li><li><strong>Tecido leve e de toque suave</strong>, confortável no dia a dia</li><li><strong>Modelagem unissex</strong>, com bom caimento</li><li><strong>Costura reforçada</strong>, para durar mais</li></ul><p><strong>Quando usar:</strong> Para o dia a dia, passeios, encontros com os amigos, eventos e para quem gosta de mostrar o que pensa com estilo.</p><p><strong>Cores disponíveis:</strong> branca e preta.</p><p><strong>Ficha técnica</strong><br>Tecido: 100% algodão<br>Estampa: Frontal, de alta definição<br>Modelagem: Unissex<br>Gola: Redonda<br>Mangas: Curtas<br>Tamanhos: P, M, G, GG<br>Medidas (referência): P 50 × 70 cm · M 53 × 72 cm · G 56 × 74 cm · GG 59 × 76 cm (largura de axila a axila × comprimento do ombro à barra). Podem variar até 2 cm.<br>Cuidados: Lavar com água fria ou morna, sem alvejante com cloro. Secar à sombra. Passar em temperatura média. Evitar secadora em alta temperatura.</p>",sim,sim,nao,Asa Delta Store,Camisas>Bolsonaro 22,,,,,"Cor:Preta;Tamanho:P",49.90,,,,,,nao,sim,,,,,,,,,,nao,,,,,sim,,Camisa Bolsonaro 22 | Asa Delta Store,"Camisa Bolsonaro 22. Cores: branca e preta. Tamanhos: P, M, G, GG.",,,"camisa bolsonaro,camiseta bolsonaro,camisa do bolsonaro,camiseta do bolsonaro,camisa bolsonaro 22,camiseta bolsonaro 22,camisa 22,camiseta 22,camisa tropa do bolsonaro,camiseta tropa do bolsonaro,camisa pl,camiseta pl,camisa verde e amarela,camisa patriota,camisa preta bolsonaro,camisa branca bolsonaro"
camisa-bolsonaro-22,22-CAM-PRETA-M,Camisa Bolsonaro 22,"<p>Direta, simples e com recado claro.</p><p>A Camisa Bolsonaro 22 traz <strong>“Tropa do Bolsonaro”</strong> no peito, com a <strong>faixa verde e amarela</strong> logo abaixo. Tecido leve, visual limpo e caimento unissex, mostrado nas fotos em dois tipos de corpo.</p><p><strong>Destaques</strong></p><ul><li><strong>“Tropa do Bolsonaro” em destaque</strong> no peito, com a faixa verde e amarela</li><li><strong>Estampa de alta definição</strong>, resistente a lavagens</li><li><strong>Tecido leve e de toque suave</strong>, confortável no dia a dia</li><li><strong>Modelagem unissex</strong>, com bom caimento</li><li><strong>Costura reforçada</strong>, para durar mais</li></ul><p><strong>Quando usar:</strong> Para o dia a dia, passeios, encontros com os amigos, eventos e para quem gosta de mostrar o que pensa com estilo.</p><p><strong>Cores disponíveis:</strong> branca e preta.</p><p><strong>Ficha técnica</strong><br>Tecido: 100% algodão<br>Estampa: Frontal, de alta definição<br>Modelagem: Unissex<br>Gola: Redonda<br>Mangas: Curtas<br>Tamanhos: P, M, G, GG<br>Medidas (referência): P 50 × 70 cm · M 53 × 72 cm · G 56 × 74 cm · GG 59 × 76 cm (largura de axila a axila × comprimento do ombro à barra). Podem variar até 2 cm.<br>Cuidados: Lavar com água fria ou morna, sem alvejante com cloro. Secar à sombra. Passar em temperatura média. Evitar secadora em alta temperatura.</p>",sim,sim,nao,Asa Delta Store,Camisas>Bolsonaro 22,,,,,"Cor:Preta;Tamanho:M",49.90,,,,,,nao,sim,,,,,,,,,,nao,,,,,sim,,Camisa Bolsonaro 22 | Asa Delta Store,"Camisa Bolsonaro 22. Cores: branca e preta. Tamanhos: P, M, G, GG.",,,"camisa bolsonaro,camiseta bolsonaro,camisa do bolsonaro,camiseta do bolsonaro,camisa bolsonaro 22,camiseta bolsonaro 22,camisa 22,camiseta 22,camisa tropa do bolsonaro,camiseta tropa do bolsonaro,camisa pl,camiseta pl,camisa verde e amarela,camisa patriota,camisa preta bolsonaro,camisa branca bolsonaro"
camisa-bolsonaro-22,22-CAM-PRETA-G,Camisa Bolsonaro 22,"<p>Direta, simples e com recado claro.</p><p>A Camisa Bolsonaro 22 traz <strong>“Tropa do Bolsonaro”</strong> no peito, com a <strong>faixa verde e amarela</strong> logo abaixo. Tecido leve, visual limpo e caimento unissex, mostrado nas fotos em dois tipos de corpo.</p><p><strong>Destaques</strong></p><ul><li><strong>“Tropa do Bolsonaro” em destaque</strong> no peito, com a faixa verde e amarela</li><li><strong>Estampa de alta definição</strong>, resistente a lavagens</li><li><strong>Tecido leve e de toque suave</strong>, confortável no dia a dia</li><li><strong>Modelagem unissex</strong>, com bom caimento</li><li><strong>Costura reforçada</strong>, para durar mais</li></ul><p><strong>Quando usar:</strong> Para o dia a dia, passeios, encontros com os amigos, eventos e para quem gosta de mostrar o que pensa com estilo.</p><p><strong>Cores disponíveis:</strong> branca e preta.</p><p><strong>Ficha técnica</strong><br>Tecido: 100% algodão<br>Estampa: Frontal, de alta definição<br>Modelagem: Unissex<br>Gola: Redonda<br>Mangas: Curtas<br>Tamanhos: P, M, G, GG<br>Medidas (referência): P 50 × 70 cm · M 53 × 72 cm · G 56 × 74 cm · GG 59 × 76 cm (largura de axila a axila × comprimento do ombro à barra). Podem variar até 2 cm.<br>Cuidados: Lavar com água fria ou morna, sem alvejante com cloro. Secar à sombra. Passar em temperatura média. Evitar secadora em alta temperatura.</p>",sim,sim,nao,Asa Delta Store,Camisas>Bolsonaro 22,,,,,"Cor:Preta;Tamanho:G",49.90,,,,,,nao,sim,,,,,,,,,,nao,,,,,sim,,Camisa Bolsonaro 22 | Asa Delta Store,"Camisa Bolsonaro 22. Cores: branca e preta. Tamanhos: P, M, G, GG.",,,"camisa bolsonaro,camiseta bolsonaro,camisa do bolsonaro,camiseta do bolsonaro,camisa bolsonaro 22,camiseta bolsonaro 22,camisa 22,camiseta 22,camisa tropa do bolsonaro,camiseta tropa do bolsonaro,camisa pl,camiseta pl,camisa verde e amarela,camisa patriota,camisa preta bolsonaro,camisa branca bolsonaro"
camisa-bolsonaro-22,22-CAM-PRETA-GG,Camisa Bolsonaro 22,"<p>Direta, simples e com recado claro.</p><p>A Camisa Bolsonaro 22 traz <strong>“Tropa do Bolsonaro”</strong> no peito, com a <strong>faixa verde e amarela</strong> logo abaixo. Tecido leve, visual limpo e caimento unissex, mostrado nas fotos em dois tipos de corpo.</p><p><strong>Destaques</strong></p><ul><li><strong>“Tropa do Bolsonaro” em destaque</strong> no peito, com a faixa verde e amarela</li><li><strong>Estampa de alta definição</strong>, resistente a lavagens</li><li><strong>Tecido leve e de toque suave</strong>, confortável no dia a dia</li><li><strong>Modelagem unissex</strong>, com bom caimento</li><li><strong>Costura reforçada</strong>, para durar mais</li></ul><p><strong>Quando usar:</strong> Para o dia a dia, passeios, encontros com os amigos, eventos e para quem gosta de mostrar o que pensa com estilo.</p><p><strong>Cores disponíveis:</strong> branca e preta.</p><p><strong>Ficha técnica</strong><br>Tecido: 100% algodão<br>Estampa: Frontal, de alta definição<br>Modelagem: Unissex<br>Gola: Redonda<br>Mangas: Curtas<br>Tamanhos: P, M, G, GG<br>Medidas (referência): P 50 × 70 cm · M 53 × 72 cm · G 56 × 74 cm · GG 59 × 76 cm (largura de axila a axila × comprimento do ombro à barra). Podem variar até 2 cm.<br>Cuidados: Lavar com água fria ou morna, sem alvejante com cloro. Secar à sombra. Passar em temperatura média. Evitar secadora em alta temperatura.</p>",sim,sim,nao,Asa Delta Store,Camisas>Bolsonaro 22,,,,,"Cor:Preta;Tamanho:GG",49.90,,,,,,nao,sim,,,,,,,,,,nao,,,,,sim,,Camisa Bolsonaro 22 | Asa Delta Store,"Camisa Bolsonaro 22. Cores: branca e preta. Tamanhos: P, M, G, GG.",,,"camisa bolsonaro,camiseta bolsonaro,camisa do bolsonaro,camiseta do bolsonaro,camisa bolsonaro 22,camiseta bolsonaro 22,camisa 22,camiseta 22,camisa tropa do bolsonaro,camiseta tropa do bolsonaro,camisa pl,camiseta pl,camisa verde e amarela,camisa patriota,camisa preta bolsonaro,camisa branca bolsonaro"